{"playerPosition":{"x":1.5777702331542969,"y":6.19875431060791,"z":-17.99702262878418},"currentelevator":3,"playerParametres":[34.0,34.0,34.0,36.0],"playerDisease":[false,false],"progress":0.0,"statusPlayer":0}