{"playerPosition":{"x":-7.400256633758545,"y":0.19875454902648927,"z":-18.844499588012697},"currentelevator":1,"playerParametres":[32.0,32.0,32.0,36.0],"playerDisease":[false,false],"progress":0.0,"statusPlayer":0}