{"soundLevel":0.0,"musicLevel":0.0,"soundLevel":0.30000001192092898,"musicLevel":0.30000001192092898}