{"playerPosition":{"x":2.8768928050994875,"y":6.19875431060791,"z":-17.990741729736329},"currentelevator":3,"playerParametres":[6.0,16.0,16.0,26.0],"playerDisease":[true,false],"progress":0.27000001072883608,"statusPlayer":0}