{"playerPosition":{"x":-7.4006147384643559,"y":0.19875454902648927,"z":-18.849037170410158},"currentelevator":1,"playerParametres":[35.0,35.0,35.0,36.0],"playerDisease":[false,false],"progress":0.0,"statusPlayer":0,"playerPosition":{"x":-7.400000095367432,"y":1.1799999475479127,"z":-18.850000381469728},"currentelevator":1,"playerParametres":[36.0,36.0,36.0,36.0],"playerDisease":[false,false],"progress":0.0,"statusPlayer":0}