{"playerPosition":{"x":-2.940605640411377,"y":6.19875431060791,"z":-18.848020553588868},"currentelevator":3,"playerParametres":[34.0,34.0,34.0,36.0],"playerDisease":[false,false],"progress":0.0,"statusPlayer":0,"playerPosition":{"x":-7.400000095367432,"y":1.1799999475479127,"z":-18.850000381469728},"currentelevator":1,"playerParametres":[36.0,36.0,36.0,36.0],"playerDisease":[false,false],"progress":0.0,"statusPlayer":0}