{"playerPosition":{"x":-6.446833610534668,"y":0.19875454902648927,"z":-17.997295379638673},"currentelevator":1,"playerParametres":[2.0,2.0,12.0,36.0],"playerDisease":[false,false],"progress":0.0,"statusPlayer":0}